Top pages,Clicks,Impressions,CTR,Position
https://yhnhealth.com/,517,17977,2.88%,13.23
https://yhnhealth.com/meet-the-doctor,243,4686,5.19%,12.04
https://yhnhealth.com/locations,30,3305,0.91%,15.31
https://yhnhealth.com/about-us,21,3014,0.7%,10.72
https://yhnhealth.com/physician-grade-supplementation,18,4218,0.43%,16.12
https://yhnhealth.com/contact-us,12,2523,0.48%,21.14
https://yhnhealth.com/lifestyle-and-nutritional-advice,7,805,0.87%,17.08
https://yhnhealth.com/functional-kinesiology,6,3120,0.19%,11.94
https://yhnhealth.com/lyme-disease-solutions,6,1493,0.4%,38.19
https://yhnhealth.com/meet-the-team,5,587,0.85%,6.19
https://yhnhealth.com/functional-medicine,4,1311,0.31%,10.22
https://yhnhealth.com/family-chiropractic-care,3,1807,0.17%,13.02
https://yhnhealth.com/iastm,3,1483,0.2%,36.92
https://yhnhealth.com/arthrostimulation-therapy,3,206,1.46%,30.19
https://yhnhealth.com/testimonials,3,186,1.61%,9.8
https://yhnhealth.com/webster-technique,2,3256,0.06%,15.79
https://yhnhealth.com/vibracussion-therapy,2,339,0.59%,35.88
https://yhnhealth.com/elbow-hand-and-wrist,1,1709,0.06%,53.29
https://yhnhealth.com/functional-postural-analysis,1,1032,0.1%,51.02
https://yhnhealth.com/art,1,901,0.11%,12.12
https://yhnhealth.com/functional-movement-restoration,1,879,0.11%,35.47
https://yhnhealth.com/dot-physicals,1,812,0.12%,65.35
https://yhnhealth.com/athletic-care,1,792,0.13%,17.28
https://yhnhealth.com/lower-back,1,759,0.13%,25.08
https://yhnhealth.com/integrative-nutrition,1,685,0.15%,42.53
https://yhnhealth.com/geriatric-care,1,605,0.17%,41.67
https://yhnhealth.com/pregnancy-care,1,595,0.17%,8.62
https://yhnhealth.com/cpsc,1,561,0.18%,35.5
https://yhnhealth.com/therapies-and-techniques,1,544,0.18%,13.22
https://yhnhealth.com/payment-options,1,85,1.18%,12.32
https://yhnhealth.com/percussion-therapy,0,1182,0%,42.97
https://yhnhealth.com/upper-back,0,909,0%,20.66
https://yhnhealth.com/shoulder-and-clavicle,0,853,0%,9.11
https://yhnhealth.com/head-and-neck,0,798,0%,42.93
https://yhnhealth.com/mid-back,0,786,0%,33.87
https://yhnhealth.com/pediatric-care,0,642,0%,24.56
https://yhnhealth.com/health-talks,0,606,0%,9.37
https://yhnhealth.com/worksite-care,0,491,0%,19.88
https://yhnhealth.com/decompression-therapy,0,257,0%,26.83
https://yhnhealth.com/3d-spine-simulator,0,224,0%,4
https://yhnhealth.com/module-2,0,212,0%,15.43
https://yhnhealth.com/appointment,0,210,0%,3.74
https://yhnhealth.com/module-5,0,194,0%,14.81
https://yhnhealth.com/ergonomics,0,177,0%,24.64
https://yhnhealth.com/module-4,0,165,0%,13.83
https://yhnhealth.com/storage/app/media/_doc/On-Site-Chiropractic-Next-Big-Trend.pdf,0,159,0%,12.35
https://yhnhealth.com/module-6,0,122,0%,16.01
https://yhnhealth.com/phase-2:-corrective-care,0,107,0%,27.61
https://yhnhealth.com/module-3,0,90,0%,16.67
https://yhnhealth.com/module-1,0,85,0%,10.01
https://yhnhealth.com/sitemap,0,68,0%,4.99
https://yhnhealth.com/phase-1:-relief-care,0,64,0%,17.03
https://yhnhealth.com/storage/app/media/_doc/Chiropractic-Boosts-Immunity.pdf,0,46,0%,10.04
https://yhnhealth.com/cold-laser-therapy,0,29,0%,15.52
https://yhnhealth.com/functional-medicine-telehealth---complimentary-consultation,0,25,0%,28.52
https://yhnhealth.com/phase-3:-wellness-care,0,21,0%,19.48
https://yhnhealth.com/staff,0,5,0%,5.8
https://yhnhealth.com/content/chiromatrix/3d_spine/nerve_chart/Deg-3/Degeneration-a3.html,0,1,0%,1